sep=,
"parliament_id","leg_period_start","leg_period_end","level","country_abb","region_abb","leg_period","assembly_name","assembly_abb","coalition_parties","previous_parliament","next_parliament","parliament_size","election_date","election_type"
"US_NT-HR_1789","04mar1789","03mar1791","NT","US",NA,1,"House of Representatives","HR",NA,NA,"US_NT-HR_1791",65,NA,"regular"
"US_NT-SE_1789","04mar1789","03mar1791","NT","US",NA,1,"Senate","SE",NA,NA,"US_NT-SE_1791",26,NA,"regular"
"US_NT-HR_1791","04mar1791","03mar1793","NT","US",NA,2,"House of Representatives","HR",NA,"US_NT-HR_1789","US_NT-HR_1793",69,NA,"regular"
"US_NT-SE_1791","04mar1791","03mar1793","NT","US",NA,2,"Senate","SE",NA,"US_NT-SE_1789","US_NT-SE_1793",30,NA,"regular"
"US_NT-HR_1793","04mar1793","03mar1795","NT","US",NA,3,"House of Representatives","HR",NA,"US_NT-HR_1791","US_NT-HR_1795",105,NA,"regular"
"US_NT-SE_1793","04mar1793","03mar1795","NT","US",NA,3,"Senate","SE",NA,"US_NT-SE_1791","US_NT-SE_1795",30,NA,"regular"
"US_NT-HR_1795","04mar1795","03mar1797","NT","US",NA,4,"House of Representatives","HR",NA,"US_NT-HR_1793","US_NT-HR_1797",106,NA,"regular"
"US_NT-SE_1795","04mar1795","03mar1797","NT","US",NA,4,"Senate","SE",NA,"US_NT-SE_1793","US_NT-SE_1797",32,NA,"regular"
"US_NT-HR_1797","04mar1797","03mar1799","NT","US",NA,5,"House of Representatives","HR",NA,"US_NT-HR_1795","US_NT-HR_1799",106,NA,"regular"
"US_NT-SE_1797","04mar1797","03mar1799","NT","US",NA,5,"Senate","SE",NA,"US_NT-SE_1795","US_NT-SE_1799",32,NA,"regular"
"US_NT-HR_1799","04mar1799","03mar1801","NT","US",NA,6,"House of Representatives","HR",NA,"US_NT-HR_1797","US_NT-HR_1801",106,NA,"regular"
"US_NT-SE_1799","04mar1799","03mar1801","NT","US",NA,6,"Senate","SE",NA,"US_NT-SE_1797","US_NT-SE_1801",32,NA,"regular"
"US_NT-HR_1801","04mar1801","03mar1803","NT","US",NA,7,"House of Representatives","HR",NA,"US_NT-HR_1799","US_NT-HR_1803",106,NA,"regular"
"US_NT-SE_1801","04mar1801","03mar1803","NT","US",NA,7,"Senate","SE",NA,"US_NT-SE_1799","US_NT-SE_1803",34,NA,"regular"
"US_NT-HR_1803","04mar1803","03mar1805","NT","US",NA,8,"House of Representatives","HR",NA,"US_NT-HR_1801","US_NT-HR_1805",142,NA,"regular"
"US_NT-SE_1803","04mar1803","03mar1805","NT","US",NA,8,"Senate","SE",NA,"US_NT-SE_1801","US_NT-SE_1805",34,NA,"regular"
"US_NT-HR_1805","04mar1805","03mar1807","NT","US",NA,9,"House of Representatives","HR",NA,"US_NT-HR_1803","US_NT-HR_1807",142,NA,"regular"
"US_NT-SE_1805","04mar1805","03mar1807","NT","US",NA,9,"Senate","SE",NA,"US_NT-SE_1803","US_NT-SE_1807",34,NA,"regular"
"US_NT-HR_1807","04mar1807","03mar1809","NT","US",NA,10,"House of Representatives","HR",NA,"US_NT-HR_1805","US_NT-HR_1809",142,NA,"regular"
"US_NT-SE_1807","04mar1807","03mar1809","NT","US",NA,10,"Senate","SE",NA,"US_NT-SE_1805","US_NT-SE_1809",34,NA,"regular"
"US_NT-HR_1809","04mar1809","03mar1811","NT","US",NA,11,"House of Representatives","HR",NA,"US_NT-HR_1807","US_NT-HR_1811",142,NA,"regular"
"US_NT-SE_1809","04mar1809","03mar1811","NT","US",NA,11,"Senate","SE",NA,"US_NT-SE_1807","US_NT-SE_1811",34,NA,"regular"
"US_NT-HR_1811","04mar1811","03mar1813","NT","US",NA,12,"House of Representatives","HR",NA,"US_NT-HR_1809","US_NT-HR_1813",143,NA,"regular"
"US_NT-SE_1811","04mar1811","03mar1813","NT","US",NA,12,"Senate","SE",NA,"US_NT-SE_1809","US_NT-SE_1813",36,NA,"regular"
"US_NT-HR_1813","04mar1813","03mar1815","NT","US",NA,13,"House of Representatives","HR",NA,"US_NT-HR_1811","US_NT-HR_1815",182,NA,"regular"
"US_NT-SE_1813","04mar1813","03mar1815","NT","US",NA,13,"Senate","SE",NA,"US_NT-SE_1811","US_NT-SE_1815",36,NA,"regular"
"US_NT-HR_1815","04mar1815","03mar1817","NT","US",NA,14,"House of Representatives","HR",NA,"US_NT-HR_1813","US_NT-HR_1817",183,NA,"regular"
"US_NT-SE_1815","04mar1815","03mar1817","NT","US",NA,14,"Senate","SE",NA,"US_NT-SE_1813","US_NT-SE_1817",38,NA,"regular"
"US_NT-HR_1817","04mar1817","03mar1819","NT","US",NA,15,"House of Representatives","HR",NA,"US_NT-HR_1815","US_NT-HR_1819",185,NA,"regular"
"US_NT-SE_1817","04mar1817","03mar1819","NT","US",NA,15,"Senate","SE",NA,"US_NT-SE_1815","US_NT-SE_1819",42,NA,"regular"
"US_NT-HR_1819","04mar1819","03mar1821","NT","US",NA,16,"House of Representatives","HR",NA,"US_NT-HR_1817","US_NT-HR_1821",186,NA,"regular"
"US_NT-SE_1819","04mar1819","03mar1821","NT","US",NA,16,"Senate","SE",NA,"US_NT-SE_1817","US_NT-SE_1821",46,NA,"regular"
"US_NT-HR_1821","04mar1821","03mar1823","NT","US",NA,17,"House of Representatives","HR",NA,"US_NT-HR_1819","US_NT-HR_1823",187,NA,"regular"
"US_NT-SE_1821","04mar1821","03mar1823","NT","US",NA,17,"Senate","SE",NA,"US_NT-SE_1819","US_NT-SE_1823",48,NA,"regular"
"US_NT-HR_1823","04mar1823","03mar1825","NT","US",NA,18,"House of Representatives","HR",NA,"US_NT-HR_1821","US_NT-HR_1825",213,NA,"regular"
"US_NT-SE_1823","04mar1823","03mar1825","NT","US",NA,18,"Senate","SE",NA,"US_NT-SE_1821","US_NT-SE_1825",48,NA,"regular"
"US_NT-HR_1825","04mar1825","03mar1827","NT","US",NA,19,"House of Representatives","HR",NA,"US_NT-HR_1823","US_NT-HR_1827",213,NA,"regular"
"US_NT-SE_1825","04mar1825","03mar1827","NT","US",NA,19,"Senate","SE",NA,"US_NT-SE_1823","US_NT-SE_1827",48,NA,"regular"
"US_NT-HR_1827","04mar1827","03mar1829","NT","US",NA,20,"House of Representatives","HR",NA,"US_NT-HR_1825","US_NT-HR_1829",213,NA,"regular"
"US_NT-SE_1827","04mar1827","03mar1829","NT","US",NA,20,"Senate","SE",NA,"US_NT-SE_1825","US_NT-SE_1829",48,NA,"regular"
"US_NT-HR_1829","04mar1829","03mar1831","NT","US",NA,21,"House of Representatives","HR",NA,"US_NT-HR_1827","US_NT-HR_1831",213,NA,"regular"
"US_NT-SE_1829","04mar1829","03mar1831","NT","US",NA,21,"Senate","SE",NA,"US_NT-SE_1827","US_NT-SE_1831",48,NA,"regular"
"US_NT-HR_1831","04mar1831","03mar1833","NT","US",NA,22,"House of Representatives","HR",NA,"US_NT-HR_1829","US_NT-HR_1833",213,NA,"regular"
"US_NT-SE_1831","04mar1831","03mar1833","NT","US",NA,22,"Senate","SE",NA,"US_NT-SE_1829","US_NT-SE_1833",48,NA,"regular"
"US_NT-HR_1833","04mar1833","03mar1835","NT","US",NA,23,"House of Representatives","HR",NA,"US_NT-HR_1831","US_NT-HR_1835",240,NA,"regular"
"US_NT-SE_1833","04mar1833","03mar1835","NT","US",NA,23,"Senate","SE",NA,"US_NT-SE_1831","US_NT-SE_1835",48,NA,"regular"
"US_NT-HR_1835","04mar1835","03mar1837","NT","US",NA,24,"House of Representatives","HR",NA,"US_NT-HR_1833","US_NT-HR_1837",242,NA,"regular"
"US_NT-SE_1835","04mar1835","03mar1837","NT","US",NA,24,"Senate","SE",NA,"US_NT-SE_1833","US_NT-SE_1837",52,NA,"regular"
"US_NT-HR_1837","04mar1837","03mar1839","NT","US",NA,25,"House of Representatives","HR",NA,"US_NT-HR_1835","US_NT-HR_1839",242,NA,"regular"
"US_NT-SE_1837","04mar1837","03mar1839","NT","US",NA,25,"Senate","SE",NA,"US_NT-SE_1835","US_NT-SE_1839",52,NA,"regular"
"US_NT-HR_1839","04mar1839","03mar1841","NT","US",NA,26,"House of Representatives","HR",NA,"US_NT-HR_1837","US_NT-HR_1841",242,NA,"regular"
"US_NT-SE_1839","04mar1839","03mar1841","NT","US",NA,26,"Senate","SE",NA,"US_NT-SE_1837","US_NT-SE_1841",52,NA,"regular"
"US_NT-HR_1841","04mar1841","03mar1843","NT","US",NA,27,"House of Representatives","HR",NA,"US_NT-HR_1839","US_NT-HR_1843",242,NA,"regular"
"US_NT-SE_1841","04mar1841","03mar1843","NT","US",NA,27,"Senate","SE",NA,"US_NT-SE_1839","US_NT-SE_1843",52,NA,"regular"
"US_NT-HR_1843","04mar1843","03mar1845","NT","US",NA,28,"House of Representatives","HR",NA,"US_NT-HR_1841","US_NT-HR_1845",223,NA,"regular"
"US_NT-SE_1843","04mar1843","03mar1845","NT","US",NA,28,"Senate","SE",NA,"US_NT-SE_1841","US_NT-SE_1845",54,NA,"regular"
"US_NT-HR_1845","04mar1845","03mar1847","NT","US",NA,29,"House of Representatives","HR",NA,"US_NT-HR_1843","US_NT-HR_1847",228,"05nov1844","regular"
"US_NT-SE_1845","04mar1845","03mar1847","NT","US",NA,29,"Senate","SE",NA,"US_NT-SE_1843","US_NT-SE_1847",58,"05nov1844","regular"
"US_NT-HR_1847","04mar1847","03mar1849","NT","US",NA,30,"House of Representatives","HR",NA,"US_NT-HR_1845","US_NT-HR_1849",230,"03nov1846","regular"
"US_NT-SE_1847","04mar1847","03mar1849","NT","US",NA,30,"Senate","SE",NA,"US_NT-SE_1845","US_NT-SE_1849",60,"03nov1846","regular"
"US_NT-HR_1849","04mar1849","03mar1851","NT","US",NA,31,"House of Representatives","HR",NA,"US_NT-HR_1847","US_NT-HR_1851",233,"07nov1848","regular"
"US_NT-SE_1849","04mar1849","03mar1851","NT","US",NA,31,"Senate","SE",NA,"US_NT-SE_1847","US_NT-SE_1851",62,"07nov1848","regular"
"US_NT-HR_1851","04mar1851","03mar1853","NT","US",NA,32,"House of Representatives","HR",NA,"US_NT-HR_1849","US_NT-HR_1853",233,"05nov1850","regular"
"US_NT-SE_1851","04mar1851","03mar1853","NT","US",NA,32,"Senate","SE",NA,"US_NT-SE_1849","US_NT-SE_1853",62,"05nov1850","regular"
"US_NT-HR_1853","04mar1853","03mar1855","NT","US",NA,33,"House of Representatives","HR",NA,"US_NT-HR_1851","US_NT-HR_1855",233,"02nov1852","regular"
"US_NT-SE_1853","04mar1853","03mar1855","NT","US",NA,33,"Senate","SE",NA,"US_NT-SE_1851","US_NT-SE_1855",62,"02nov1852","regular"
"US_NT-HR_1855","04mar1855","03mar1857","NT","US",NA,34,"House of Representatives","HR",NA,"US_NT-HR_1853","US_NT-HR_1857",234,"07nov1854","regular"
"US_NT-SE_1855","04mar1855","03mar1857","NT","US",NA,34,"Senate","SE",NA,"US_NT-SE_1853","US_NT-SE_1857",62,"07nov1854","regular"
"US_NT-HR_1857","04mar1857","03mar1859","NT","US",NA,35,"House of Representatives","HR",NA,"US_NT-HR_1855","US_NT-HR_1859",237,"04nov1856","regular"
"US_NT-SE_1857","04mar1857","03mar1859","NT","US",NA,35,"Senate","SE",NA,"US_NT-SE_1855","US_NT-SE_1859",66,"04nov1856","regular"
"US_NT-HR_1859","04mar1859","03mar1861","NT","US",NA,36,"House of Representatives","HR",NA,"US_NT-HR_1857","US_NT-HR_1861",238,"02nov1858","regular"
"US_NT-SE_1859","04mar1859","03mar1861","NT","US",NA,36,"Senate","SE",NA,"US_NT-SE_1857","US_NT-SE_1861",68,"02nov1858","regular"
"US_NT-HR_1861","04mar1861","03mar1863","NT","US",NA,37,"House of Representatives","HR",NA,"US_NT-HR_1859","US_NT-HR_1863",183,"06nov1860","regular"
"US_NT-SE_1861","04mar1861","03mar1863","NT","US",NA,37,"Senate","SE",NA,"US_NT-SE_1859","US_NT-SE_1863",68,"06nov1860","regular"
"US_NT-HR_1863","04mar1863","03mar1865","NT","US",NA,38,"House of Representatives","HR",NA,"US_NT-HR_1861","US_NT-HR_1865",183,"04nov1862","regular"
"US_NT-SE_1863","04mar1863","03mar1865","NT","US",NA,38,"Senate","SE",NA,"US_NT-SE_1861","US_NT-SE_1865",72,"04nov1862","regular"
"US_NT-HR_1865","04mar1865","03mar1867","NT","US",NA,39,"House of Representatives","HR",NA,"US_NT-HR_1863","US_NT-HR_1867",193,"08nov1864","regular"
"US_NT-SE_1865","04mar1865","03mar1867","NT","US",NA,39,"Senate","SE",NA,"US_NT-SE_1863","US_NT-SE_1867",74,"08nov1864","regular"
"US_NT-HR_1867","04mar1867","03mar1869","NT","US",NA,40,"House of Representatives","HR",NA,"US_NT-HR_1865","US_NT-HR_1869",193,"06nov1866","regular"
"US_NT-SE_1867","04mar1867","03mar1869","NT","US",NA,40,"Senate","SE",NA,"US_NT-SE_1865","US_NT-SE_1869",74,"06nov1866","regular"
"US_NT-HR_1869","04mar1869","03mar1871","NT","US",NA,41,"House of Representatives","HR",NA,"US_NT-HR_1867","US_NT-HR_1871",193,"03nov1868","regular"
"US_NT-SE_1869","04mar1869","03mar1871","NT","US",NA,41,"Senate","SE",NA,"US_NT-SE_1867","US_NT-SE_1871",74,"03nov1868","regular"
"US_NT-HR_1871","04mar1871","03mar1873","NT","US",NA,42,"House of Representatives","HR",NA,"US_NT-HR_1869","US_NT-HR_1873",243,"08nov1870","regular"
"US_NT-SE_1871","04mar1871","03mar1873","NT","US",NA,42,"Senate","SE",NA,"US_NT-SE_1869","US_NT-SE_1873",74,"08nov1870","regular"
"US_NT-HR_1873","04mar1873","03mar1875","NT","US",NA,43,"House of Representatives","HR",NA,"US_NT-HR_1871","US_NT-HR_1875",292,"05nov1872","regular"
"US_NT-SE_1873","04mar1873","03mar1875","NT","US",NA,43,"Senate","SE",NA,"US_NT-SE_1871","US_NT-SE_1875",74,"05nov1872","regular"
"US_NT-HR_1875","04mar1875","03mar1877","NT","US",NA,44,"House of Representatives","HR",NA,"US_NT-HR_1873","US_NT-HR_1877",293,"03nov1874","regular"
"US_NT-SE_1875","04mar1875","03mar1877","NT","US",NA,44,"Senate","SE",NA,"US_NT-SE_1873","US_NT-SE_1877",76,"03nov1874","regular"
"US_NT-HR_1877","04mar1877","03mar1879","NT","US",NA,45,"House of Representatives","HR",NA,"US_NT-HR_1875","US_NT-HR_1879",293,"07nov1876","regular"
"US_NT-SE_1877","04mar1877","03mar1879","NT","US",NA,45,"Senate","SE",NA,"US_NT-SE_1875","US_NT-SE_1879",76,"07nov1876","regular"
"US_NT-HR_1879","04mar1879","03mar1881","NT","US",NA,46,"House of Representatives","HR",NA,"US_NT-HR_1877","US_NT-HR_1881",293,"05nov1878","regular"
"US_NT-SE_1879","04mar1879","03mar1881","NT","US",NA,46,"Senate","SE",NA,"US_NT-SE_1877","US_NT-SE_1881",76,"05nov1878","regular"
"US_NT-HR_1881","04mar1881","03mar1883","NT","US",NA,47,"House of Representatives","HR",NA,"US_NT-HR_1879","US_NT-HR_1883",293,"02nov1880","regular"
"US_NT-SE_1881","04mar1881","03mar1883","NT","US",NA,47,"Senate","SE",NA,"US_NT-SE_1879","US_NT-SE_1883",76,"02nov1880","regular"
"US_NT-HR_1883","04mar1883","03mar1885","NT","US",NA,48,"House of Representatives","HR",NA,"US_NT-HR_1881","US_NT-HR_1885",293,"07nov1882","regular"
"US_NT-SE_1883","04mar1883","03mar1885","NT","US",NA,48,"Senate","SE",NA,"US_NT-SE_1881","US_NT-SE_1885",76,"07nov1882","regular"
"US_NT-HR_1885","04mar1885","03mar1887","NT","US",NA,49,"House of Representatives","HR",NA,"US_NT-HR_1883","US_NT-HR_1887",325,"04nov1884","regular"
"US_NT-SE_1885","04mar1885","03mar1887","NT","US",NA,49,"Senate","SE",NA,"US_NT-SE_1883","US_NT-SE_1887",76,"04nov1884","regular"
"US_NT-HR_1887","04mar1887","03mar1889","NT","US",NA,50,"House of Representatives","HR",NA,"US_NT-HR_1885","US_NT-HR_1889",325,"02nov1886","regular"
"US_NT-SE_1887","04mar1887","03mar1889","NT","US",NA,50,"Senate","SE",NA,"US_NT-SE_1885","US_NT-SE_1889",76,"02nov1886","regular"
"US_NT-HR_1889","04mar1889","03mar1891","NT","US",NA,51,"House of Representatives","HR",NA,"US_NT-HR_1887","US_NT-HR_1891",325,"06nov1888","regular"
"US_NT-SE_1889","04mar1889","03mar1891","NT","US",NA,51,"Senate","SE",NA,"US_NT-SE_1887","US_NT-SE_1891",88,"06nov1888","regular"
"US_NT-HR_1891","04mar1891","03mar1893","NT","US",NA,52,"House of Representatives","HR",NA,"US_NT-HR_1889","US_NT-HR_1893",332,"04nov1890","regular"
"US_NT-SE_1891","04mar1891","03mar1893","NT","US",NA,52,"Senate","SE",NA,"US_NT-SE_1889","US_NT-SE_1893",88,"04nov1890","regular"
"US_NT-HR_1893","04mar1893","03mar1895","NT","US",NA,53,"House of Representatives","HR",NA,"US_NT-HR_1891","US_NT-HR_1895",356,"08nov1892","regular"
"US_NT-SE_1893","04mar1893","03mar1895","NT","US",NA,53,"Senate","SE",NA,"US_NT-SE_1891","US_NT-SE_1895",88,"08nov1892","regular"
"US_NT-HR_1895","04mar1895","03mar1897","NT","US",NA,54,"House of Representatives","HR",NA,"US_NT-HR_1893","US_NT-HR_1897",357,"06nov1894","regular"
"US_NT-SE_1895","04mar1895","03mar1897","NT","US",NA,54,"Senate","SE",NA,"US_NT-SE_1893","US_NT-SE_1897",90,"06nov1894","regular"
"US_NT-HR_1897","04mar1897","03mar1899","NT","US",NA,55,"House of Representatives","HR",NA,"US_NT-HR_1895","US_NT-HR_1899",357,"03nov1896","regular"
"US_NT-SE_1897","04mar1897","03mar1899","NT","US",NA,55,"Senate","SE",NA,"US_NT-SE_1895","US_NT-SE_1899",90,"03nov1896","regular"
"US_NT-HR_1899","04mar1899","03mar1901","NT","US",NA,56,"House of Representatives","HR",NA,"US_NT-HR_1897","US_NT-HR_1901",357,"08nov1898","regular"
"US_NT-SE_1899","04mar1899","03mar1901","NT","US",NA,56,"Senate","SE",NA,"US_NT-SE_1897","US_NT-SE_1901",90,"08nov1898","regular"
"US_NT-HR_1901","04mar1901","03mar1903","NT","US",NA,57,"House of Representatives","HR",NA,"US_NT-HR_1899","US_NT-HR_1903",357,"06nov1900","regular"
"US_NT-SE_1901","04mar1901","03mar1903","NT","US",NA,57,"Senate","SE",NA,"US_NT-SE_1899","US_NT-SE_1903",90,"06nov1900","regular"
"US_NT-HR_1903","04mar1903","03mar1905","NT","US",NA,58,"House of Representatives","HR",NA,"US_NT-HR_1901","US_NT-HR_1905",386,"04nov1902","regular"
"US_NT-SE_1903","04mar1903","03mar1905","NT","US",NA,58,"Senate","SE",NA,"US_NT-SE_1901","US_NT-SE_1905",90,"04nov1902","regular"
"US_NT-HR_1905","04mar1905","03mar1907","NT","US",NA,59,"House of Representatives","HR",NA,"US_NT-HR_1903","US_NT-HR_1907",386,"08nov1904","regular"
"US_NT-SE_1905","04mar1905","03mar1907","NT","US",NA,59,"Senate","SE",NA,"US_NT-SE_1903","US_NT-SE_1907",90,"08nov1904","regular"
"US_NT-HR_1907","04mar1907","03mar1909","NT","US",NA,60,"House of Representatives","HR",NA,"US_NT-HR_1905","US_NT-HR_1909",391,"06nov1906","regular"
"US_NT-SE_1907","04mar1907","03mar1909","NT","US",NA,60,"Senate","SE",NA,"US_NT-SE_1905","US_NT-SE_1909",92,"06nov1906","regular"
"US_NT-HR_1909","04mar1909","03mar1911","NT","US",NA,61,"House of Representatives","HR",NA,"US_NT-HR_1907","US_NT-HR_1911",391,"03nov1908","regular"
"US_NT-SE_1909","04mar1909","03mar1911","NT","US",NA,61,"Senate","SE",NA,"US_NT-SE_1907","US_NT-SE_1911",92,"03nov1908","regular"
"US_NT-HR_1911","04mar1911","03mar1913","NT","US",NA,62,"House of Representatives","HR",NA,"US_NT-HR_1909","US_NT-HR_1913",394,"08nov1910","regular"
"US_NT-SE_1911","04mar1911","03mar1913","NT","US",NA,62,"Senate","SE",NA,"US_NT-SE_1909","US_NT-SE_1913",96,"08nov1910","regular"
"US_NT-HR_1913","04mar1913","03mar1915","NT","US",NA,63,"House of Representatives","HR",NA,"US_NT-HR_1911","US_NT-HR_1915",435,"05nov1912","regular"
"US_NT-SE_1913","04mar1913","03mar1915","NT","US",NA,63,"Senate","SE",NA,"US_NT-SE_1911","US_NT-SE_1915",96,"05nov1912","regular"
"US_NT-HR_1915","04mar1915","03mar1917","NT","US",NA,64,"House of Representatives","HR",NA,"US_NT-HR_1913","US_NT-HR_1917",435,"03nov1914","regular"
"US_NT-SE_1915","04mar1915","03mar1917","NT","US",NA,64,"Senate","SE",NA,"US_NT-SE_1913","US_NT-SE_1917",96,"03nov1914","regular"
"US_NT-HR_1917","04mar1917","03mar1919","NT","US",NA,65,"House of Representatives","HR",NA,"US_NT-HR_1915","US_NT-HR_1919",435,"07nov1916","regular"
"US_NT-SE_1917","04mar1917","03mar1919","NT","US",NA,65,"Senate","SE",NA,"US_NT-SE_1915","US_NT-SE_1919",96,"07nov1916","regular"
"US_NT-HR_1919","04mar1919","03mar1921","NT","US",NA,66,"House of Representatives","HR",NA,"US_NT-HR_1917","US_NT-HR_1921",435,"05nov1918","regular"
"US_NT-SE_1919","04mar1919","03mar1921","NT","US",NA,66,"Senate","SE",NA,"US_NT-SE_1917","US_NT-SE_1921",96,"05nov1918","regular"
"US_NT-HR_1921","04mar1921","03mar1923","NT","US",NA,67,"House of Representatives","HR",NA,"US_NT-HR_1919","US_NT-HR_1923",435,"02nov1920","regular"
"US_NT-SE_1921","04mar1921","03mar1923","NT","US",NA,67,"Senate","SE",NA,"US_NT-SE_1919","US_NT-SE_1923",96,"02nov1920","regular"
"US_NT-HR_1923","04mar1923","03mar1925","NT","US",NA,68,"House of Representatives","HR",NA,"US_NT-HR_1921","US_NT-HR_1925",435,"07nov1922","regular"
"US_NT-SE_1923","04mar1923","03mar1925","NT","US",NA,68,"Senate","SE",NA,"US_NT-SE_1921","US_NT-SE_1925",96,"07nov1922","regular"
"US_NT-HR_1925","04mar1925","03mar1927","NT","US",NA,69,"House of Representatives","HR",NA,"US_NT-HR_1923","US_NT-HR_1927",435,"04nov1924","regular"
"US_NT-SE_1925","04mar1925","03mar1927","NT","US",NA,69,"Senate","SE",NA,"US_NT-SE_1923","US_NT-SE_1927",96,"04nov1924","regular"
"US_NT-HR_1927","04mar1927","03mar1929","NT","US",NA,70,"House of Representatives","HR",NA,"US_NT-HR_1925","US_NT-HR_1929",435,"02nov1926","regular"
"US_NT-SE_1927","04mar1927","03mar1929","NT","US",NA,70,"Senate","SE",NA,"US_NT-SE_1925","US_NT-SE_1929",96,"02nov1926","regular"
"US_NT-HR_1929","04mar1929","03mar1931","NT","US",NA,71,"House of Representatives","HR",NA,"US_NT-HR_1927","US_NT-HR_1931",435,"06nov1928","regular"
"US_NT-SE_1929","04mar1929","03mar1931","NT","US",NA,71,"Senate","SE",NA,"US_NT-SE_1927","US_NT-SE_1931",96,"06nov1928","regular"
"US_NT-HR_1931","04mar1931","03mar1933","NT","US",NA,72,"House of Representatives","HR",NA,"US_NT-HR_1929","US_NT-HR_1933",435,"04nov1930","regular"
"US_NT-SE_1931","04mar1931","03mar1933","NT","US",NA,72,"Senate","SE",NA,"US_NT-SE_1929","US_NT-SE_1933",96,"04nov1930","regular"
"US_NT-HR_1933","04mar1933","03mar1935","NT","US",NA,73,"House of Representatives","HR",NA,"US_NT-HR_1931","US_NT-HR_1935",435,"08nov1932","regular"
"US_NT-SE_1933","04mar1933","03mar1935","NT","US",NA,73,"Senate","SE",NA,"US_NT-SE_1931","US_NT-SE_1935",96,"08nov1932","regular"
"US_NT-HR_1935","03jan1935","03jan1937","NT","US",NA,74,"House of Representatives","HR",NA,"US_NT-HR_1933","US_NT-HR_1937",435,"06nov1934","regular"
"US_NT-SE_1935","03jan1935","03jan1937","NT","US",NA,74,"Senate","SE",NA,"US_NT-SE_1933","US_NT-SE_1937",96,"06nov1934","regular"
"US_NT-HR_1937","03jan1937","03jan1939","NT","US",NA,75,"House of Representatives","HR",NA,"US_NT-HR_1935","US_NT-HR_1939",435,"03nov1936","regular"
"US_NT-SE_1937","03jan1937","03jan1939","NT","US",NA,75,"Senate","SE",NA,"US_NT-SE_1935","US_NT-SE_1939",96,"03nov1936","regular"
"US_NT-HR_1939","03jan1939","03jan1941","NT","US",NA,76,"House of Representatives","HR",NA,"US_NT-HR_1937","US_NT-HR_1941",435,"08nov1938","regular"
"US_NT-SE_1939","03jan1939","03jan1941","NT","US",NA,76,"Senate","SE",NA,"US_NT-SE_1937","US_NT-SE_1941",96,"08nov1938","regular"
"US_NT-HR_1941","03jan1941","03jan1943","NT","US",NA,77,"House of Representatives","HR",NA,"US_NT-HR_1939","US_NT-HR_1943",435,"05nov1940","regular"
"US_NT-SE_1941","03jan1941","03jan1943","NT","US",NA,77,"Senate","SE",NA,"US_NT-SE_1939","US_NT-SE_1943",96,"05nov1940","regular"
"US_NT-HR_1943","03jan1943","03jan1945","NT","US",NA,78,"House of Representatives","HR",NA,"US_NT-HR_1941","US_NT-HR_1945",435,"03nov1942","regular"
"US_NT-SE_1943","03jan1943","03jan1945","NT","US",NA,78,"Senate","SE",NA,"US_NT-SE_1941","US_NT-SE_1945",96,"03nov1942","regular"
"US_NT-HR_1945","03jan1945","03jan1947","NT","US",NA,79,"House of Representatives","HR",NA,"US_NT-HR_1943","US_NT-HR_1947",435,"07nov1944","regular"
"US_NT-SE_1945","03jan1945","03jan1947","NT","US",NA,79,"Senate","SE",NA,"US_NT-SE_1943","US_NT-SE_1947",96,"07nov1944","regular"
"US_NT-HR_1947","03jan1947","03jan1949","NT","US",NA,80,"House of Representatives","HR",NA,"US_NT-HR_1945","US_NT-HR_1949",435,"05nov1946","regular"
"US_NT-SE_1947","03jan1947","03jan1949","NT","US",NA,80,"Senate","SE",NA,"US_NT-SE_1945","US_NT-SE_1949",96,"05nov1946","regular"
"US_NT-HR_1949","03jan1949","03jan1951","NT","US",NA,81,"House of Representatives","HR",NA,"US_NT-HR_1947","US_NT-HR_1951",435,"02nov1948","regular"
"US_NT-SE_1949","03jan1949","03jan1951","NT","US",NA,81,"Senate","SE",NA,"US_NT-SE_1947","US_NT-SE_1951",96,"02nov1948","regular"
"US_NT-HR_1951","03jan1951","03jan1953","NT","US",NA,82,"House of Representatives","HR",NA,"US_NT-HR_1949","US_NT-HR_1953",435,"07nov1950","regular"
"US_NT-SE_1951","03jan1951","03jan1953","NT","US",NA,82,"Senate","SE",NA,"US_NT-SE_1949","US_NT-SE_1953",96,"07nov1950","regular"
"US_NT-HR_1953","03jan1953","03jan1955","NT","US",NA,83,"House of Representatives","HR",NA,"US_NT-HR_1951","US_NT-HR_1955",435,"04nov1952","regular"
"US_NT-SE_1953","03jan1953","03jan1955","NT","US",NA,83,"Senate","SE",NA,"US_NT-SE_1951","US_NT-SE_1955",96,"04nov1952","regular"
"US_NT-HR_1955","03jan1955","03jan1957","NT","US",NA,84,"House of Representatives","HR",NA,"US_NT-HR_1953","US_NT-HR_1957",435,"02nov1954","regular"
"US_NT-SE_1955","03jan1955","03jan1957","NT","US",NA,84,"Senate","SE",NA,"US_NT-SE_1953","US_NT-SE_1957",96,"02nov1954","regular"
"US_NT-HR_1957","03jan1957","03jan1959","NT","US",NA,85,"House of Representatives","HR",NA,"US_NT-HR_1955","US_NT-HR_1959",435,"06nov1956","regular"
"US_NT-SE_1957","03jan1957","03jan1959","NT","US",NA,85,"Senate","SE",NA,"US_NT-SE_1955","US_NT-SE_1959",96,"06nov1956","regular"
"US_NT-HR_1959","03jan1959","03jan1961","NT","US",NA,86,"House of Representatives","HR",NA,"US_NT-HR_1957","US_NT-HR_1961",435,"04nov1958","regular"
"US_NT-SE_1959","03jan1959","03jan1961","NT","US",NA,86,"Senate","SE",NA,"US_NT-SE_1957","US_NT-SE_1961",100,"04nov1958","regular"
"US_NT-HR_1961","03jan1961","03jan1963","NT","US",NA,87,"House of Representatives","HR",NA,"US_NT-HR_1959","US_NT-HR_1963",437,"08nov1960","regular"
"US_NT-SE_1961","03jan1961","03jan1963","NT","US",NA,87,"Senate","SE",NA,"US_NT-SE_1959","US_NT-SE_1963",100,"08nov1960","regular"
"US_NT-HR_1963","03jan1963","03jan1965","NT","US",NA,88,"House of Representatives","HR",NA,"US_NT-HR_1961","US_NT-HR_1965",435,"06nov1962","regular"
"US_NT-SE_1963","03jan1963","03jan1965","NT","US",NA,88,"Senate","SE",NA,"US_NT-SE_1961","US_NT-SE_1965",100,"06nov1962","regular"
"US_NT-HR_1965","03jan1965","03jan1967","NT","US",NA,89,"House of Representatives","HR",NA,"US_NT-HR_1963","US_NT-HR_1967",435,"03nov1964","regular"
"US_NT-SE_1965","03jan1965","03jan1967","NT","US",NA,89,"Senate","SE",NA,"US_NT-SE_1963","US_NT-SE_1967",100,"03nov1964","regular"
"US_NT-HR_1967","03jan1967","03jan1969","NT","US",NA,90,"House of Representatives","HR",NA,"US_NT-HR_1965","US_NT-HR_1969",435,"08nov1966","regular"
"US_NT-SE_1967","03jan1967","03jan1969","NT","US",NA,90,"Senate","SE",NA,"US_NT-SE_1965","US_NT-SE_1969",100,"08nov1966","regular"
"US_NT-HR_1969","03jan1969","03jan1971","NT","US",NA,91,"House of Representatives","HR",NA,"US_NT-HR_1967","US_NT-HR_1971",435,"05nov1968","regular"
"US_NT-SE_1969","03jan1969","03jan1971","NT","US",NA,91,"Senate","SE",NA,"US_NT-SE_1967","US_NT-SE_1971",100,"05nov1968","regular"
"US_NT-HR_1971","03jan1971","03jan1973","NT","US",NA,92,"House of Representatives","HR",NA,"US_NT-HR_1969","US_NT-HR_1973",435,"03nov1970","regular"
"US_NT-SE_1971","03jan1971","03jan1973","NT","US",NA,92,"Senate","SE",NA,"US_NT-SE_1969","US_NT-SE_1973",100,"03nov1970","regular"
"US_NT-HR_1973","03jan1973","03jan1975","NT","US",NA,93,"House of Representatives","HR",NA,"US_NT-HR_1971","US_NT-HR_1975",435,"07nov1972","regular"
"US_NT-SE_1973","03jan1973","03jan1975","NT","US",NA,93,"Senate","SE",NA,"US_NT-SE_1971","US_NT-SE_1975",100,"07nov1972","regular"
"US_NT-HR_1975","03jan1975","03jan1977","NT","US",NA,94,"House of Representatives","HR",NA,"US_NT-HR_1973","US_NT-HR_1977",435,"05nov1974","regular"
"US_NT-SE_1975","03jan1975","03jan1977","NT","US",NA,94,"Senate","SE",NA,"US_NT-SE_1973","US_NT-SE_1977",100,"05nov1974","regular"
"US_NT-HR_1977","03jan1977","03jan1979","NT","US",NA,95,"House of Representatives","HR",NA,"US_NT-HR_1975","US_NT-HR_1979",435,"02nov1976","regular"
"US_NT-SE_1977","03jan1977","03jan1979","NT","US",NA,95,"Senate","SE",NA,"US_NT-SE_1975","US_NT-SE_1979",100,"02nov1976","regular"
"US_NT-HR_1979","03jan1979","03jan1981","NT","US",NA,96,"House of Representatives","HR",NA,"US_NT-HR_1977","US_NT-HR_1981",435,"07nov1978","regular"
"US_NT-SE_1979","03jan1979","03jan1981","NT","US",NA,96,"Senate","SE",NA,"US_NT-SE_1977","US_NT-SE_1981",100,"07nov1978","regular"
"US_NT-HR_1981","03jan1981","03jan1983","NT","US",NA,97,"House of Representatives","HR",NA,"US_NT-HR_1979","US_NT-HR_1983",435,"04nov1980","regular"
"US_NT-SE_1981","03jan1981","03jan1983","NT","US",NA,97,"Senate","SE",NA,"US_NT-SE_1979","US_NT-SE_1983",100,"04nov1980","regular"
"US_NT-HR_1983","03jan1983","03jan1985","NT","US",NA,98,"House of Representatives","HR",NA,"US_NT-HR_1981","US_NT-HR_1985",435,"02nov1982","regular"
"US_NT-SE_1983","03jan1983","03jan1985","NT","US",NA,98,"Senate","SE",NA,"US_NT-SE_1981","US_NT-SE_1985",100,"02nov1982","regular"
"US_NT-HR_1985","03jan1985","03jan1987","NT","US",NA,99,"House of Representatives","HR",NA,"US_NT-HR_1983","US_NT-HR_1987",435,"06nov1984","regular"
"US_NT-SE_1985","03jan1985","03jan1987","NT","US",NA,99,"Senate","SE",NA,"US_NT-SE_1983","US_NT-SE_1987",100,"06nov1984","regular"
"US_NT-HR_1987","03jan1987","03jan1989","NT","US",NA,100,"House of Representatives","HR",NA,"US_NT-HR_1985","US_NT-HR_1989",435,"04nov1986","regular"
"US_NT-SE_1987","03jan1987","03jan1989","NT","US",NA,100,"Senate","SE",NA,"US_NT-SE_1985","US_NT-SE_1989",100,"04nov1986","regular"
"US_NT-HR_1989","03jan1989","03jan1991","NT","US",NA,101,"House of Representatives","HR",NA,"US_NT-HR_1987","US_NT-HR_1991",435,"08nov1988","regular"
"US_NT-SE_1989","03jan1989","03jan1991","NT","US",NA,101,"Senate","SE",NA,"US_NT-SE_1987","US_NT-SE_1991",100,"08nov1988","regular"
"US_NT-HR_1991","03jan1991","03jan1993","NT","US",NA,102,"House of Representatives","HR",NA,"US_NT-HR_1989","US_NT-HR_1993",435,"06nov1990","regular"
"US_NT-SE_1991","03jan1991","03jan1993","NT","US",NA,102,"Senate","SE",NA,"US_NT-SE_1989","US_NT-SE_1993",100,"06nov1990","regular"
"US_NT-HR_1993","03jan1993","03jan1995","NT","US",NA,103,"House of Representatives","HR",NA,"US_NT-HR_1991","US_NT-HR_1995",435,"03nov1992","regular"
"US_NT-SE_1993","03jan1993","03jan1995","NT","US",NA,103,"Senate","SE",NA,"US_NT-SE_1991","US_NT-SE_1995",100,"03nov1992","regular"
"US_NT-HR_1995","03jan1995","03jan1997","NT","US",NA,104,"House of Representatives","HR",NA,"US_NT-HR_1993","US_NT-HR_1997",435,"08nov1994","regular"
"US_NT-SE_1995","03jan1995","03jan1997","NT","US",NA,104,"Senate","SE",NA,"US_NT-SE_1993","US_NT-SE_1997",100,"08nov1994","regular"
"US_NT-HR_1997","03jan1997","03jan1999","NT","US",NA,105,"House of Representatives","HR",NA,"US_NT-HR_1995","US_NT-HR_1999",435,"05nov1996","regular"
"US_NT-SE_1997","03jan1997","03jan1999","NT","US",NA,105,"Senate","SE",NA,"US_NT-SE_1995","US_NT-SE_1999",100,"05nov1996","regular"
"US_NT-HR_1999","03jan1999","03jan2001","NT","US",NA,106,"House of Representatives","HR",NA,"US_NT-HR_1997","US_NT-HR_2001",435,"03nov1998","regular"
"US_NT-SE_1999","03jan1999","03jan2001","NT","US",NA,106,"Senate","SE",NA,"US_NT-SE_1997","US_NT-SE_2001",100,"03nov1998","regular"
"US_NT-HR_2001","03jan2001","03jan2003","NT","US",NA,107,"House of Representatives","HR",NA,"US_NT-HR_1999","US_NT-HR_2003",435,"07nov2000","regular"
"US_NT-SE_2001","03jan2001","03jan2003","NT","US",NA,107,"Senate","SE",NA,"US_NT-SE_1999","US_NT-SE_2003",100,"07nov2000","regular"
"US_NT-HR_2003","03jan2003","03jan2005","NT","US",NA,108,"House of Representatives","HR",NA,"US_NT-HR_2001","US_NT-HR_2005",435,"05nov2002","regular"
"US_NT-SE_2003","03jan2003","03jan2005","NT","US",NA,108,"Senate","SE",NA,"US_NT-SE_2001","US_NT-SE_2005",100,"05nov2002","regular"
"US_NT-HR_2005","03jan2005","03jan2007","NT","US",NA,109,"House of Representatives","HR",NA,"US_NT-HR_2003","US_NT-HR_2007",435,"02nov2004","regular"
"US_NT-SE_2005","03jan2005","03jan2007","NT","US",NA,109,"Senate","SE",NA,"US_NT-SE_2003","US_NT-SE_2007",100,"02nov2004","regular"
"US_NT-HR_2007","03jan2007","03jan2009","NT","US",NA,110,"House of Representatives","HR",NA,"US_NT-HR_2005","US_NT-HR_2009",435,"07nov2006","regular"
"US_NT-SE_2007","03jan2007","03jan2009","NT","US",NA,110,"Senate","SE",NA,"US_NT-SE_2005","US_NT-SE_2009",100,"07nov2006","regular"
"US_NT-HR_2009","03jan2009","03jan2011","NT","US",NA,111,"House of Representatives","HR",NA,"US_NT-HR_2007","US_NT-HR_2011",435,"04nov2008","regular"
"US_NT-SE_2009","03jan2009","03jan2011","NT","US",NA,111,"Senate","SE",NA,"US_NT-SE_2007","US_NT-SE_2011",100,"04nov2008","regular"
"US_NT-HR_2011","03jan2011","03jan2013","NT","US",NA,112,"House of Representatives","HR",NA,"US_NT-HR_2009","US_NT-HR_2013",435,"02nov2010","regular"
"US_NT-SE_2011","03jan2011","03jan2013","NT","US",NA,112,"Senate","SE",NA,"US_NT-SE_2009","US_NT-SE_2013",100,"02nov2010","regular"
"US_NT-HR_2013","03jan2013","03jan2015","NT","US",NA,113,"House of Representatives","HR",NA,"US_NT-HR_2011","US_NT-HR_2015",435,"06nov2012","regular"
"US_NT-SE_2013","03jan2013","03jan2015","NT","US",NA,113,"Senate","SE",NA,"US_NT-SE_2011","US_NT-SE_2015",100,"06nov2012","regular"
"US_NT-HR_2015","03jan2015","03jan2017","NT","US",NA,114,"House of Representatives","HR",NA,"US_NT-HR_2013","US_NT-HR_2017",435,"04nov2014","regular"
"US_NT-SE_2015","03jan2015","03jan2017","NT","US",NA,114,"Senate","SE",NA,"US_NT-SE_2013","US_NT-SE_2017",100,"04nov2014","regular"
"US_NT-HR_2017","03jan2017","03jan2019","NT","US",NA,115,"House of Representatives","HR",NA,"US_NT-HR_2015","US_NT-HR_2019",435,"08nov2016","regular"
"US_NT-SE_2017","03jan2017","03jan2019","NT","US",NA,115,"Senate","SE",NA,"US_NT-SE_2015","US_NT-SE_2019",100,"08nov2016","regular"
"US_NT-HR_2019","03jan2019","03jan2021","NT","US",NA,116,"House of Representatives","HR",NA,"US_NT-HR_2017","US_NT-HR_2021",435,"06nov2018","regular"
"US_NT-SE_2019","03jan2019","03jan2021","NT","US",NA,116,"Senate","SE",NA,"US_NT-SE_2017","US_NT-SE_2021",100,"06nov2018","regular"
"US_NT-HR_2021","03jan2021","03jan2023","NT","US",NA,117,"House of Representatives","HR",NA,"US_NT-HR_2019","US_NT-HR_2023",435,"03nov2020","regular"
"US_NT-SE_2021","03jan2021","03jan2023","NT","US",NA,117,"Senate","SE",NA,"US_NT-SE_2019","US_NT-SE_2023",100,"03nov2020","regular"
"US_NT-HR_2023","03jan2023","03jan2025","NT","US",NA,118,"House of Representatives","HR",NA,"US_NT-HR_2021","US_NT-HR_2025",435,"08nov2022","regular"
"US_NT-SE_2023","03jan2023","03jan2025","NT","US",NA,118,"Senate","SE",NA,"US_NT-SE_2021","US_NT-SE_2025",100,"08nov2022","regular"
"US_NT-HR_2025","03jan2025","03jan2027","NT","US",NA,119,"House of Representatives","HR",NA,"US_NT-HR_2023",NA,435,"05nov2024","regular"
"US_NT-SE_2025","03jan2025","03jan2027","NT","US",NA,119,"Senate","SE",NA,"US_NT-SE_2023",NA,100,"05nov2024","regular"
